{
  "mode": "two_class",
  "confidence_tau": 0.6200000000000001,
  "cost_bps": 1.0,
  "val_profit_bps": 9.697865744104083,
  "val_coverage": 0.04231568016614746,
  "val_n_executed": 163,
  "tau_grid_start": 0.5,
  "tau_grid_end": 0.95,
  "tau_grid_step": 0.01
}