{
  "coverage": 0.14154575066627184,
  "n_executed": 478,
  "n_total": 3377,
  "direction_accuracy": 0.5794979079497908,
  "avg_profit_bps": 2.1524441602252553,
  "median_profit_bps": 3.5680942048204054,
  "win_rate": 0.5794979079497908,
  "avg_confidence": 0.625145435333252,
  "profit_std_bps": 21.02583092156246,
  "profit_sharpe": 0.10237141957582097,
  "max_profit_bps": 105.92837099869013,
  "min_profit_bps": -106.27255263661384,
  "profit_p25_bps": -8.595386843794461,
  "profit_p75_bps": 10.314797246684826,
  "profit_p90_bps": 23.34778542553806,
  "profit_p10_bps": -16.038536123084032,
  "confidence_tau": 0.6,
  "profit_cost_bps": 1.0,
  "atr_min": 0.0,
  "atr_max": 100.0
}