{
  "coverage": 0.18646662584200857,
  "n_executed": 609,
  "n_total": 3266,
  "direction_accuracy": 0.5632183908045977,
  "avg_profit_bps": 0.11500284988269063,
  "median_profit_bps": 2.765364405491356,
  "win_rate": 0.5632183908045977,
  "avg_confidence": 0.6438937783241272,
  "profit_std_bps": 11.399754528226104,
  "profit_sharpe": 0.010088186504109238,
  "max_profit_bps": 45.11689722399781,
  "min_profit_bps": -55.06009392388667,
  "profit_p25_bps": -6.831791361137206,
  "profit_p75_bps": 6.209186535809264,
  "profit_p90_bps": 12.69891351623776,
  "profit_p10_bps": -12.21154283769199,
  "confidence_tau": 0.6,
  "profit_cost_bps": 1.0,
  "atr_min": 15.0,
  "atr_max": 30.0
}