{
  "coverage": 0.19309729247247842,
  "n_executed": 649,
  "n_total": 3361,
  "direction_accuracy": 0.522342064714946,
  "avg_profit_bps": -0.27975851551192044,
  "median_profit_bps": 2.356582880285064,
  "win_rate": 0.522342064714946,
  "avg_confidence": 0.6295862197875977,
  "profit_std_bps": 18.753538020297114,
  "profit_sharpe": -0.01491763927745042,
  "max_profit_bps": 107.45437260486479,
  "min_profit_bps": -100.34338128139375,
  "profit_p25_bps": -9.364031370395875,
  "profit_p75_bps": 7.894988911769541,
  "profit_p90_bps": 16.933627352346512,
  "profit_p10_bps": -16.018051333350435,
  "confidence_tau": 0.6,
  "profit_cost_bps": 1.0,
  "atr_min": 0.0,
  "atr_max": 100.0
}