{
  "coverage": 0.4380716934487021,
  "n_executed": 1772,
  "n_total": 4045,
  "direction_accuracy": 0.5524830699774267,
  "avg_profit_bps": 0.869449682813972,
  "median_profit_bps": 3.267552119829321,
  "win_rate": 0.5524830699774267,
  "avg_confidence": 0.5860955119132996,
  "profit_std_bps": 19.45684520340442,
  "profit_sharpe": 0.04468605641242298,
  "max_profit_bps": 105.92837099869013,
  "min_profit_bps": -106.27255263661384,
  "profit_p25_bps": -9.796531268485118,
  "profit_p75_bps": 9.709066737714378,
  "profit_p90_bps": 19.42215088838662,
  "profit_p10_bps": -17.660526553923912,
  "confidence_tau": 0.55,
  "profit_cost_bps": 1.0,
  "atr_min": 0.0,
  "atr_max": 100.0
}