{
  "coverage": 0.484749777909387,
  "n_executed": 1637,
  "n_total": 3377,
  "direction_accuracy": 0.5241295051924252,
  "avg_profit_bps": -0.40642872804851204,
  "median_profit_bps": 2.4147595686162546,
  "win_rate": 0.5241295051924252,
  "avg_confidence": 0.5877907872200012,
  "profit_std_bps": 18.45045238382168,
  "profit_sharpe": -0.022028117217581546,
  "max_profit_bps": 105.92837099869013,
  "min_profit_bps": -106.27255263661384,
  "profit_p25_bps": -9.23860455013481,
  "profit_p75_bps": 7.7688926522955235,
  "profit_p90_bps": 17.396709319847172,
  "profit_p10_bps": -16.81070481416047,
  "confidence_tau": 0.55,
  "profit_cost_bps": 1.0,
  "atr_min": 0.0,
  "atr_max": 100.0
}