{
  "coverage": 0.27027845036319614,
  "n_executed": 893,
  "n_total": 3304,
  "direction_accuracy": 0.5397536394176932,
  "avg_profit_bps": 0.04714332712227733,
  "median_profit_bps": 2.5198008453418694,
  "win_rate": 0.5397536394176932,
  "avg_confidence": 0.6466175317764282,
  "profit_std_bps": 11.0861862667461,
  "profit_sharpe": 0.004252438660638701,
  "max_profit_bps": 45.11689722399781,
  "min_profit_bps": -55.06009392388667,
  "profit_p25_bps": -7.041269972667518,
  "profit_p75_bps": 6.316922227659228,
  "profit_p90_bps": 12.668532072204533,
  "profit_p10_bps": -11.617278816189124,
  "confidence_tau": 0.7,
  "profit_cost_bps": 1.0,
  "atr_min": 15.0,
  "atr_max": 30.0
}